<configs>
	<!-- Garbage Can added to Metal Furniture -->
	<append xpath="/blocks/block[@name='metalFurnitureBlockVariantHelper']">
		<property name="PlaceAltBlockValue" value="cntLockersShortClosed_Player,cntLockersTallClosed_Player,cntLockersTallDoubleClosed_Player,cntLockersTallMixClosed_Player,cntLockersTallMixLinkClosed_Player,cntStoreShelfSingleBottomEmpty,cntStoreShelfSingleTopEmpty,cntStoreShelfDoubleBottomEmpty,cntStoreShelfDoubleTopEmpty,cntDeskMetalFullWhite_Player,cntDeskMetalFullBrown_Player,cntDeskMetalFullRed_Player,cntDeskMetalFullOrange_Player,cntDeskMetalFullYellow_Player,cntDeskMetalFullGreen_Player,cntDeskMetalFullBlue_Player,cntDeskMetalFullPurple_Player,cntDeskMetalFullGrey_Player,cntDeskMetalFullBlack_Player,cntDeskMetalFullPink_Player,cntDeskMetalFullArmyGreen_Player,rustyIronTable,cntBinTrashMetalFullWhite_Player,cntDomedTrashCanFull,radiatorHouse01Player,decoHoistChainSingleCenter,cntFancyGarbageCan"/>
	</append>
	<!-- Ember piles -->
	<!-- All the ember piles extends from emberPileDeco1 -->
	<append xpath="/blocks/block[@name='emberPileDeco1']">
		<property name="EconomicValue" value="20"/>
	</append>
	<!-- Camping chairs -->
	<!-- All the camping chairs extends from chairCampingWhite -->
	<append xpath="/blocks/block[@name='chairCampingWhite']">
		<property name="EconomicValue" value="80"/>
	</append>
	<!-- Park benches-->
	<!-- All the park benches extends from parkBenchA. By default are bundled in 20 units -->
	<append xpath="/blocks/block[@name='parkBenchA']">
		<property name="EconomicValue" value="80"/>
		<property name="EconomicBundleSize" value="1"/>
	</append>
	<!-- Playground equipment -->
	<append xpath="/blocks/block[@name='decoMetalSlide']">
		<property name="EconomicValue" value="120"/>
	</append>
	<append xpath="/blocks/block[@name='decoSwingSet']">
		<property name="EconomicValue" value="120"/>
	</append>
	<append xpath="/blocks/block[@name='decoBasketBallHoop']">
		<property name="EconomicValue" value="100"/>
	</append>
	<!-- Hanging plants -->
	<append xpath="/blocks/block[@name='hangingMoss']">
		<property name="EconomicValue" value="1"/>
		<property name="SellableToTrader" value="false"/>
	</append>
	<append xpath="/blocks/block[@name='cobweb']">
		<property name="EconomicValue" value="1"/>
		<property name="SellableToTrader" value="false"/>
	</append>
	<append xpath="/blocks/block[@name='plantHangingIvy01']">
		<property name="EconomicValue" value="1"/>
		<property name="SellableToTrader" value="false"/>
	</append>
	<append xpath="/blocks/block[@name='plantHangingIvy02']">
		<property name="EconomicValue" value="1"/>
		<property name="SellableToTrader" value="false"/>
	</append>
	<!-- Gravestones -->
	<!-- All the gravestones extends from graveStone01 -->
	<append xpath="/blocks/block[@name='graveStone01']">
		<property name="EconomicValue" value="1"/>
		<property name="SellableToTrader" value="false"/>
	</append>
	<!-- Beds -->
	<append xpath="/blocks/block[@name='bed02']">
		<property name="EconomicValue" value="120"/>
		<property name="SellableToTrader" value="false"/>
	</append>
	<!-- bunkBedMessy and bunkBedMattress extends from bunkBedMade -->
	<append xpath="/blocks/block[@name='bunkBedMade']">
		<property name="EconomicValue" value="100"/>
		<property name="SellableToTrader" value="false"/>
	</append>
	<append xpath="/blocks/block[@name='bunkBedFrame']">
		<property name="EconomicValue" value="80"/>
		<property name="SellableToTrader" value="false"/>
	</append>
	<!-- hospitalBed extends from gurneyBed -->
	<append xpath="/blocks/block[@name='gurneyBed']">
		<property name="EconomicValue" value="100"/>
		<property name="SellableToTrader" value="false"/>
	</append>
	<!-- Wild West Wagon -->
	<append xpath="/blocks/block[@name='decoWildWestWagon']">
		<property name="EconomicValue" value="100"/>
	</append>
	<!-- "Hoist" equipment -->
	<!-- decoHoistChainSingleCenter, decoHoistChainSingleCorner, decoHoistSpreader,decoHoistHook, decoHoistMagnet and decoHoistTopMount extends from decoHoistChain-->
	<append xpath="/blocks/block[@name='decoHoistChain']">
		<property name="EconomicValue" value="100"/>
	</append>
	<!-- Tubs -->
	<append xpath="/blocks/block[@name='decoClawFootBathTub']">
		<property name="EconomicValue" value="56"/>
	</append>
	<!-- Radio Ham -->
	<append xpath="/blocks/block[@name='radioHam']">
		<property name="EconomicValue" value="100"/>
	</append>
	<!-- Flag Poles -->
	<append xpath="/blocks/block[@name='flagPoleWhiteRiver']">
		<property name="SellableToTrader" value="false"/>
		<property name="EconomicValue" value="125"/>
	</append>
	<append xpath="/blocks/block[@name='flagPoleTrader']">
		<property name="SellableToTrader" value="false"/>
		<property name="EconomicValue" value="125"/>
	</append>
	<append xpath="/blocks/block[@name='flagPoleAmerican']">
		<property name="SellableToTrader" value="false"/>
		<property name="EconomicValue" value="125"/>
	</append>
	<!--Camping tents -->
	<!-- All tents extends from cntCampingTentDomeRainCoverWhite -->
	<append xpath="/blocks/block[@name='cntCampingTentDomeRainCoverWhite']">
		<property name="SellableToTrader" value="false"/>
	</append>
	<!-- Pallet Boxes -->
	<!-- All pallet boxes extend from palletBrownBoxesBase -->
	<append xpath="/blocks/block[@name='palletBrownBoxesBase']">
		<property name="SellableToTrader" value="false"/>
	</append>
	<!-- Pallet Bricks -->
	<!-- All pallet bricks extend from palletBricksBase -->
	<append xpath="/blocks/block[@name='palletBricksBase']">
		<property name="SellableToTrader" value="false"/>
	</append>
	<!-- Pallet Tarps -->
	<!-- All pallet tarps extend from palletTarpBaseWhite -->
	<append xpath="/blocks/block[@name='palletTarpBaseWhite']">
		<property name="SellableToTrader" value="false"/>
	</append>
	<!-- Misc pallets -->
	<append xpath="/blocks/block[@name='palletCompressedCardboard']">
		<property name="SellableToTrader" value="false"/>
	</append>
	<append xpath="/blocks/block[@name='palletCans']">
		<property name="SellableToTrader" value="false"/>
	</append>
	<append xpath="/blocks/block[@name='palletCansBase']">
		<property name="SellableToTrader" value="false"/>
	</append>
	<append xpath="/blocks/block[@name='palletEmpty']">
		<property name="SellableToTrader" value="false"/>
	</append>
	<append xpath="/blocks/block[@name='palletEmptyStack']">
		<property name="SellableToTrader" value="false"/>
	</append>
	<append xpath="/blocks/block[@name='OSBWoodStack']">
		<property name="SellableToTrader" value="false"/>
	</append>
	<append xpath="/blocks/block[@name='plywoodStack']">
		<property name="SellableToTrader" value="false"/>
	</append>
	<append xpath="/blocks/block[@name='woodPlanksStack']">
		<property name="SellableToTrader" value="false"/>
	</append>
	<append xpath="/blocks/block[@name='dryWallStack']">
		<property name="SellableToTrader" value="false"/>
	</append>
	<append xpath="/blocks/block[@name='metalPipeStack']">
		<property name="SellableToTrader" value="false"/>
	</append>
	<append xpath="/blocks/block[@name='metalPipeStackLoose']">
		<property name="SellableToTrader" value="false"/>
	</append>
	<append xpath="/blocks/block[@name='bricksStack']">
		<property name="SellableToTrader" value="false"/>
	</append>
	<!-- *** PALLETS_MILITARY_AMMO_CANS -->
	<append xpath="/blocks/block[@name='palletCartonMilitaryBase']">
		<property name="SellableToTrader" value="false"/>
	</append>
	<!-- Cow_Feed -->
	<append xpath="/blocks/block[@name='palletBagCowFeedBaseFull']">
		<property name="SellableToTrader" value="false"/>
	</append>
	<!-- Flour -->
	<append xpath="/blocks/block[@name='palletBagFlourBaseFull']">
		<property name="SellableToTrader" value="false"/>
	</append>
	<!-- Sand -->
	<append xpath="/blocks/block[@name='palletBagSandBaseFull']">
		<property name="SellableToTrader" value="false"/>
	</append>
	<!-- Concrete -->
	<append xpath="/blocks/block[@name='palletBagCowFeedBaseFull']">
		<property name="SellableToTrader" value="false"/>
	</append>
	<!-- Fertilizer -->
	<append xpath="/blocks/block[@name='palletBagFertilizerBaseFull']">
		<property name="SellableToTrader" value="false"/>
	</append>
	<!-- Bulk goods bags -->
	<append xpath="/blocks/block[@name='palletBagBlankBaseFullWhite']">
		<property name="SellableToTrader" value="false"/>
	</append>
	<append xpath="/blocks/block[@name='palletBagBlankBaseFullBrown']">
		<property name="SellableToTrader" value="false"/>
	</append>
	<append xpath="/blocks/block[@name='palletBagBlankBaseFullRed']">
		<property name="SellableToTrader" value="false"/>
	</append>
	<append xpath="/blocks/block[@name='palletBagBlankBaseFullOrange']">
		<property name="SellableToTrader" value="false"/>
	</append>
	<append xpath="/blocks/block[@name='palletBagBlankBaseFullYellow']">
		<property name="SellableToTrader" value="false"/>
	</append>
	<append xpath="/blocks/block[@name='palletBagBlankBaseFullGreen']">
		<property name="SellableToTrader" value="false"/>
	</append>
	<append xpath="/blocks/block[@name='palletBagBlankBaseFullBlue']">
		<property name="SellableToTrader" value="false"/>
	</append>
	<append xpath="/blocks/block[@name='palletBagBlankBaseFullPurple']">
		<property name="SellableToTrader" value="false"/>
	</append>
	<append xpath="/blocks/block[@name='palletBagBlankBaseFullGrey']">
		<property name="SellableToTrader" value="false"/>
	</append>
	<append xpath="/blocks/block[@name='palletBagBlankBaseFullBlack']">
		<property name="SellableToTrader" value="false"/>
	</append>
	<append xpath="/blocks/block[@name='palletBagBlankBaseFullPink']">
		<property name="SellableToTrader" value="false"/>
	</append>
	<append xpath="/blocks/block[@name='palletBagBlankBaseFullArmyGreen']">
		<property name="SellableToTrader" value="false"/>
	</append>
</configs>