<configs>
	<!-- Garbage Can added to Metal Furniture -->
	<append xpath="/blocks/block[@name='metalFurnitureBlockVariantHelper']">
		<property name="PlaceAltBlockValue" value="cntLockersShortClosed_Player,cntLockersTallClosed_Player,cntLockersTallDoubleClosed_Player,cntLockersTallMixClosed_Player,cntLockersTallMixLinkClosed_Player,cntStoreShelfSingleBottomEmpty,cntStoreShelfSingleTopEmpty,cntStoreShelfDoubleBottomEmpty,cntStoreShelfDoubleTopEmpty,cntDeskMetalFullWhite_Player,cntDeskMetalFullBrown_Player,cntDeskMetalFullRed_Player,cntDeskMetalFullOrange_Player,cntDeskMetalFullYellow_Player,cntDeskMetalFullGreen_Player,cntDeskMetalFullBlue_Player,cntDeskMetalFullPurple_Player,cntDeskMetalFullGrey_Player,cntDeskMetalFullBlack_Player,cntDeskMetalFullPink_Player,cntDeskMetalFullArmyGreen_Player,rustyIronTable,cntBinTrashMetalFullWhite_Player,cntDomedTrashCanFull,radiatorHouse01Player,decoHoistChainSingleCenter,cntFancyGarbageCan"/>
	</append>
	<!-- Ember piles -->
	<!-- All the ember piles extends from emberPileDeco1 -->
	<append xpath="/blocks/block[@name='emberPileDeco1']">
		<property name="EconomicValue" value="20"/>
	</append>
	<!-- Camping chairs -->
	<!-- All the camping chairs extends from chairCampingWhite -->
	<append xpath="/blocks/block[@name='chairCampingWhite']">
		<property name="EconomicValue" value="80"/>
	</append>
	<!-- Park benches-->
	<!-- All the park benches extends from parkBenchA. By default are bundled in 20 units -->
	<append xpath="/blocks/block[@name='parkBenchA']">
		<property name="EconomicValue" value="80"/>
		<property name="EconomicBundleSize" value="1"/>
	</append>
	<!-- Playground equipment -->
	<append xpath="/blocks/block[@name='decoMetalSlide']">
		<property name="EconomicValue" value="120"/>
	</append>
	<append xpath="/blocks/block[@name='decoSwingSet']">
		<property name="EconomicValue" value="120"/>
	</append>
	<append xpath="/blocks/block[@name='decoBasketBallHoop']">
		<property name="EconomicValue" value="100"/>
	</append>
	<!-- Hanging plants -->
	<append xpath="/blocks/block[@name='hangingMoss']">
		<property name="EconomicValue" value="1"/>
		<property name="SellableToTrader" value="false"/>
	</append>
	<append xpath="/blocks/block[@name='cobweb']">
		<property name="EconomicValue" value="1"/>
		<property name="SellableToTrader" value="false"/>
	</append>
	<append xpath="/blocks/block[@name='plantHangingIvy01']">
		<property name="EconomicValue" value="1"/>
		<property name="SellableToTrader" value="false"/>
	</append>
	<append xpath="/blocks/block[@name='plantHangingIvy02']">
		<property name="EconomicValue" value="1"/>
		<property name="SellableToTrader" value="false"/>
	</append>
	<!-- Gravestones -->
	<!-- All the gravestones extends from graveStone01 -->
	<append xpath="/blocks/block[@name='graveStone01']">
		<property name="EconomicValue" value="1"/>
		<property name="SellableToTrader" value="false"/>
	</append>
	<!-- Beds -->
	<append xpath="/blocks/block[@name='bed02']">
		<property name="EconomicValue" value="120"/>
		<property name="SellableToTrader" value="false"/>
	</append>
	<!-- bunkBedMessy and bunkBedMattress extends from bunkBedMade -->
	<append xpath="/blocks/block[@name='bunkBedMade']">
		<property name="EconomicValue" value="100"/>
		<property name="SellableToTrader" value="false"/>
	</append>
	<append xpath="/blocks/block[@name='bunkBedFrame']">
		<property name="EconomicValue" value="80"/>
		<property name="SellableToTrader" value="false"/>
	</append>
	<!-- hospitalBed extends from gurneyBed -->
	<append xpath="/blocks/block[@name='gurneyBed']">
		<property name="EconomicValue" value="100"/>
		<property name="SellableToTrader" value="false"/>
	</append>
	<!-- Wild West Wagon -->
	<append xpath="/blocks/block[@name='decoWildWestWagon']">
		<property name="EconomicValue" value="100"/>
	</append>
	<!-- "Hoist" equipment -->
	<!-- decoHoistChainSingleCenter, decoHoistChainSingleCorner, decoHoistSpreader,decoHoistHook, decoHoistMagnet and decoHoistTopMount extends from decoHoistChain-->
	<append xpath="/blocks/block[@name='decoHoistChain']">
		<property name="EconomicValue" value="100"/>
	</append>
	<!-- Tubs -->
	<append xpath="/blocks/block[@name='decoClawFootBathTub']">
		<property name="EconomicValue" value="56"/>
	</append>
	<!-- Radio Ham -->
	<append xpath="/blocks/block[@name='radioHam']">
		<property name="EconomicValue" value="100"/>
	</append>
	<!-- Flag Poles -->
	<append xpath="/blocks/block[@name='flagPoleWhiteRiver']">
		<property name="SellableToTrader" value="false"/>
		<property name="EconomicValue" value="125"/>
	</append>
	<append xpath="/blocks/block[@name='flagPoleTrader']">
		<property name="SellableToTrader" value="false"/>
		<property name="EconomicValue" value="125"/>
	</append>
	<append xpath="/blocks/block[@name='flagPoleAmerican']">
		<property name="SellableToTrader" value="false"/>
		<property name="EconomicValue" value="125"/>
	</append>
</configs>