<configs>
        <append xpath="/recipes">
                <!-- Ember piles -->
                <recipe count="1" craft_time="3" name="emberPileDeco1">
                        <ingredient count="10" name="resourceWood"/>
                        <ingredient count="20" name="resourceCoal"/>
                </recipe>
                <recipe count="1" craft_time="3" name="emberPileDeco2">
                        <ingredient count="10" name="resourceWood"/>
                        <ingredient count="20" name="resourceCoal"/>
                </recipe>
                <recipe count="1" craft_time="3" name="emberPileDeco3">
                        <ingredient count="10" name="resourceWood"/>
                        <ingredient count="20" name="resourceCoal"/>
                </recipe>
                <recipe count="1" craft_time="3" name="emberPileDeco4">
                        <ingredient count="10" name="resourceWood"/>
                        <ingredient count="20" name="resourceCoal"/>
                </recipe>
                <recipe count="1" craft_time="3" name="emberPileDeco5">
                        <ingredient count="10" name="resourceWood"/>
                        <ingredient count="20" name="resourceCoal"/>
                </recipe>
                <recipe count="1" craft_time="3" name="emberPileDeco6">
                        <ingredient count="10" name="resourceWood"/>
                        <ingredient count="20" name="resourceCoal"/>
                </recipe>
                <recipe count="1" craft_time="3" name="emberPileDeco7">
                        <ingredient count="10" name="resourceWood"/>
                        <ingredient count="20" name="resourceCoal"/>
                </recipe>
                <recipe count="1" craft_time="3" name="emberPileDeco8">
                        <ingredient count="10" name="resourceWood"/>
                        <ingredient count="20" name="resourceCoal"/>
                </recipe>
                <!-- Table umbrellas -->
                <recipe count="1" craft_time="3" name="umbrellaTableDownWhite">
                        <ingredient count="20" name="resourceScrapPolymers"/>
                        <ingredient count="50" name="resourceCloth"/>
                        <ingredient count="10" name="resourceWood"/>
                </recipe>
                <recipe count="1" craft_time="3" name="umbrellaTableDownBrown">
                        <ingredient count="20" name="resourceScrapPolymers"/>
                        <ingredient count="50" name="resourceCloth"/>
                        <ingredient count="10" name="resourceWood"/>
                        <ingredient count="5" name="resourcePaint"/>
                </recipe>
                <recipe count="1" craft_time="3" name="umbrellaTableDownRed">
                        <ingredient count="20" name="resourceScrapPolymers"/>
                        <ingredient count="50" name="resourceCloth"/>
                        <ingredient count="10" name="resourceWood"/>
                        <ingredient count="5" name="resourcePaint"/>
                </recipe>
                <recipe count="1" craft_time="3" name="umbrellaTableDownOrange">
                        <ingredient count="20" name="resourceScrapPolymers"/>
                        <ingredient count="50" name="resourceCloth"/>
                        <ingredient count="10" name="resourceWood"/>
                        <ingredient count="5" name="resourcePaint"/>
                </recipe>
                <recipe count="1" craft_time="3" name="umbrellaTableDownYellow">
                        <ingredient count="20" name="resourceScrapPolymers"/>
                        <ingredient count="50" name="resourceCloth"/>
                        <ingredient count="10" name="resourceWood"/>
                        <ingredient count="5" name="resourcePaint"/>
                </recipe>
                <recipe count="1" craft_time="3" name="umbrellaTableDownGreen">
                        <ingredient count="20" name="resourceScrapPolymers"/>
                        <ingredient count="50" name="resourceCloth"/>
                        <ingredient count="10" name="resourceWood"/>
                        <ingredient count="5" name="resourcePaint"/>
                </recipe>
                <recipe count="1" craft_time="3" name="umbrellaTableDownBlue">
                        <ingredient count="20" name="resourceScrapPolymers"/>
                        <ingredient count="50" name="resourceCloth"/>
                        <ingredient count="10" name="resourceWood"/>
                        <ingredient count="5" name="resourcePaint"/>
                </recipe>
                <recipe count="1" craft_time="3" name="umbrellaTableDownPurple">
                        <ingredient count="20" name="resourceScrapPolymers"/>
                        <ingredient count="50" name="resourceCloth"/>
                        <ingredient count="10" name="resourceWood"/>
                        <ingredient count="5" name="resourcePaint"/>
                </recipe>
                <recipe count="1" craft_time="3" name="umbrellaTableDownGrey">
                        <ingredient count="20" name="resourceScrapPolymers"/>
                        <ingredient count="50" name="resourceCloth"/>
                        <ingredient count="10" name="resourceWood"/>
                        <ingredient count="5" name="resourcePaint"/>
                </recipe>
                <recipe count="1" craft_time="3" name="umbrellaTableDownBlack">
                        <ingredient count="20" name="resourceScrapPolymers"/>
                        <ingredient count="50" name="resourceCloth"/>
                        <ingredient count="10" name="resourceWood"/>
                        <ingredient count="5" name="resourcePaint"/>
                </recipe>
                <recipe count="1" craft_time="3" name="umbrellaTableDownPink">
                        <ingredient count="20" name="resourceScrapPolymers"/>
                        <ingredient count="50" name="resourceCloth"/>
                        <ingredient count="10" name="resourceWood"/>
                        <ingredient count="5" name="resourcePaint"/>
                </recipe>
                <recipe count="1" craft_time="3" name="umbrellaTableUpWhite">
                        <ingredient count="20" name="resourceScrapPolymers"/>
                        <ingredient count="50" name="resourceCloth"/>
                        <ingredient count="10" name="resourceWood"/>
                </recipe>
                <recipe count="1" craft_time="3" name="umbrellaTableUpBrown">
                        <ingredient count="20" name="resourceScrapPolymers"/>
                        <ingredient count="50" name="resourceCloth"/>
                        <ingredient count="10" name="resourceWood"/>
                        <ingredient count="5" name="resourcePaint"/>
                </recipe>
                <recipe count="1" craft_time="3" name="umbrellaTableUpRed">
                        <ingredient count="20" name="resourceScrapPolymers"/>
                        <ingredient count="50" name="resourceCloth"/>
                        <ingredient count="10" name="resourceWood"/>
                        <ingredient count="5" name="resourcePaint"/>
                </recipe>
                <recipe count="1" craft_time="3" name="umbrellaTableUpOrange">
                        <ingredient count="20" name="resourceScrapPolymers"/>
                        <ingredient count="50" name="resourceCloth"/>
                        <ingredient count="10" name="resourceWood"/>
                        <ingredient count="5" name="resourcePaint"/>
                </recipe>
                <recipe count="1" craft_time="3" name="umbrellaTableUpYellow">
                        <ingredient count="20" name="resourceScrapPolymers"/>
                        <ingredient count="50" name="resourceCloth"/>
                        <ingredient count="10" name="resourceWood"/>
                        <ingredient count="5" name="resourcePaint"/>
                </recipe>
                <recipe count="1" craft_time="3" name="umbrellaTableUpGreen">
                        <ingredient count="20" name="resourceScrapPolymers"/>
                        <ingredient count="50" name="resourceCloth"/>
                        <ingredient count="10" name="resourceWood"/>
                        <ingredient count="5" name="resourcePaint"/>
                </recipe>
                <recipe count="1" craft_time="3" name="umbrellaTableUpBlue">
                        <ingredient count="20" name="resourceScrapPolymers"/>
                        <ingredient count="50" name="resourceCloth"/>
                        <ingredient count="10" name="resourceWood"/>
                        <ingredient count="5" name="resourcePaint"/>
                </recipe>
                <recipe count="1" craft_time="3" name="umbrellaTableUpPurple">
                        <ingredient count="20" name="resourceScrapPolymers"/>
                        <ingredient count="50" name="resourceCloth"/>
                        <ingredient count="10" name="resourceWood"/>
                        <ingredient count="5" name="resourcePaint"/>
                </recipe>
                <recipe count="1" craft_time="3" name="umbrellaTableUpGrey">
                        <ingredient count="20" name="resourceScrapPolymers"/>
                        <ingredient count="50" name="resourceCloth"/>
                        <ingredient count="10" name="resourceWood"/>
                        <ingredient count="5" name="resourcePaint"/>
                </recipe>
                <recipe count="1" craft_time="3" name="umbrellaTableUpBlack">
                        <ingredient count="20" name="resourceScrapPolymers"/>
                        <ingredient count="50" name="resourceCloth"/>
                        <ingredient count="10" name="resourceWood"/>
                        <ingredient count="5" name="resourcePaint"/>
                </recipe>
                <recipe count="1" craft_time="3" name="umbrellaTableUpPink">
                        <ingredient count="20" name="resourceScrapPolymers"/>
                        <ingredient count="50" name="resourceCloth"/>
                        <ingredient count="10" name="resourceWood"/>
                        <ingredient count="5" name="resourcePaint"/>
                </recipe>
                <!-- Camping chairs -->
                <recipe count="1" craft_time="3" name="chairCampingWhite">
                        <ingredient count="60" name="resourceScrapIron"/>
                        <ingredient count="20" name="resourceCloth"/>
                </recipe>
                <recipe count="1" craft_time="3" name="chairCampingBrown">
                        <ingredient count="60" name="resourceScrapIron"/>
                        <ingredient count="20" name="resourceCloth"/>
                        <ingredient count="5" name="resourcePaint"/>
                </recipe>
                <recipe count="1" craft_time="3" name="chairCampingRed">
                        <ingredient count="60" name="resourceScrapIron"/>
                        <ingredient count="20" name="resourceCloth"/>
                        <ingredient count="5" name="resourcePaint"/>
                </recipe>
                <recipe count="1" craft_time="3" name="chairCampingOrange">
                        <ingredient count="60" name="resourceScrapIron"/>
                        <ingredient count="20" name="resourceCloth"/>
                        <ingredient count="5" name="resourcePaint"/>
                </recipe>
                <recipe count="1" craft_time="3" name="chairCampingYellow">
                        <ingredient count="60" name="resourceScrapIron"/>
                        <ingredient count="20" name="resourceCloth"/>
                        <ingredient count="5" name="resourcePaint"/>
                </recipe>
                <recipe count="1" craft_time="3" name="chairCampingGreen">
                        <ingredient count="60" name="resourceScrapIron"/>
                        <ingredient count="20" name="resourceCloth"/>
                        <ingredient count="5" name="resourcePaint"/>
                </recipe>
                <recipe count="1" craft_time="3" name="chairCampingBlue">
                        <ingredient count="60" name="resourceScrapIron"/>
                        <ingredient count="20" name="resourceCloth"/>
                        <ingredient count="5" name="resourcePaint"/>
                </recipe>
                <recipe count="1" craft_time="3" name="chairCampingPurple">
                        <ingredient count="60" name="resourceScrapIron"/>
                        <ingredient count="20" name="resourceCloth"/>
                        <ingredient count="5" name="resourcePaint"/>
                </recipe>
                <recipe count="1" craft_time="3" name="chairCampingGrey">
                        <ingredient count="60" name="resourceScrapIron"/>
                        <ingredient count="20" name="resourceCloth"/>
                        <ingredient count="5" name="resourcePaint"/>
                </recipe>
                <recipe count="1" craft_time="3" name="chairCampingPink">
                        <ingredient count="60" name="resourceScrapIron"/>
                        <ingredient count="20" name="resourceCloth"/>
                        <ingredient count="5" name="resourcePaint"/>
                </recipe>
                <!-- Park benches -->
                <recipe count="1" craft_time="3" name="parkBenchA">
                        <ingredient count="60" name="resourceWood"/>
                        <ingredient count="10" name="resourceNail"/>
                </recipe>
                <recipe count="1" craft_time="3" name="parkBenchB">
                        <ingredient count="60" name="resourceWood"/>
                        <ingredient count="10" name="resourceNail"/>
                </recipe>
                <!-- Playground Equipment -->
                <recipe count="1" craft_time="20" name="decoMetalSlide">
                        <ingredient count="150" name="resourceScrapIron"/>
                        <ingredient count="10" name="resourceMechanicalParts"/>
                </recipe>
                <recipe count="1" craft_time="20" name="decoSwingSet">
                        <ingredient count="150" name="resourceScrapIron"/>
                        <ingredient count="10" name="resourceMechanicalParts"/>
                </recipe>
                <recipe count="1" craft_time="20" name="decoBasketBallHoop">
                        <ingredient count="30" name="resourceScrapIron"/>
                        <ingredient count="40" name="resourceWood"/>
                        <ingredient count="5" name="resourceScrapPolymers"/>
                </recipe>
                <!-- Hanging plants -->
                <recipe count="1" craft_time="3" name="hangingMoss">
                        <ingredient count="30" name="resourceYuccaFibers"/>
                </recipe>
                <recipe count="1" craft_time="3" name="cobweb">
                        <ingredient count="30" name="resourceYuccaFibers"/>
                </recipe>
                <recipe count="1" craft_time="3" name="plantHangingIvy01">
                        <ingredient count="30" name="resourceYuccaFibers"/>
                </recipe>
                <recipe count="1" craft_time="3" name="plantHangingIvy02">
                        <ingredient count="30" name="resourceYuccaFibers"/>
                </recipe>
                <!-- Satellite dishes -->
                <recipe count="1" craft_time="20" name="satelliteUnitLarge">
                        <ingredient count="30" name="resourceScrapIron"/>
                        <ingredient count="20" name="resourceElectricParts"/>
                        <ingredient count="5" name="resourceScrapPolymers"/>
                </recipe>
                <recipe count="1" craft_time="20" name="satelliteUnitSmallWall">
                        <ingredient count="30" name="resourceScrapIron"/>
                        <ingredient count="20" name="resourceElectricParts"/>
                        <ingredient count="5" name="resourceScrapPolymers"/>
                </recipe>
                <recipe count="1" craft_time="20" name="satelliteUnitSmallFloor">
                        <ingredient count="30" name="resourceScrapIron"/>
                        <ingredient count="20" name="resourceElectricParts"/>
                        <ingredient count="5" name="resourceScrapPolymers"/>
                </recipe>
                <!-- Gravestones -->
                <recipe count="1" craft_time="20" name="graveStone01">
                        <ingredient count="100" name="resourceRockSmall"/>
                </recipe>
                <recipe count="1" craft_time="20" name="graveStone02">
                        <ingredient count="100" name="resourceRockSmall"/>
                </recipe>
                <recipe count="1" craft_time="20" name="graveStone03">
                        <ingredient count="100" name="resourceRockSmall"/>
                </recipe>
                <recipe count="1" craft_time="20" name="graveStone04">
                        <ingredient count="100" name="resourceRockSmall"/>
                </recipe>
                <recipe count="1" craft_time="20" name="graveStone05">
                        <ingredient count="100" name="resourceRockSmall"/>
                </recipe>
                <recipe count="1" craft_time="20" name="graveStone06">
                        <ingredient count="100" name="resourceRockSmall"/>
                </recipe>
                <recipe count="1" craft_time="20" name="graveStone07">
                        <ingredient count="100" name="resourceRockSmall"/>
                </recipe>
                <recipe count="1" craft_time="20" name="graveStone08">
                        <ingredient count="100" name="resourceRockSmall"/>
                </recipe>
                <!-- Beds -->
                <recipe count="1" name="bunkBedMade">
                        <ingredient count="100" name="resourceCloth"/>
                        <ingredient count="40" name="resourceCropCottonPlant"/>
                        <ingredient count="20" name="resourceSpring"/>
                        <ingredient count="20" name="resourceWood"/>
                        <ingredient count="10" name="resourceMetalPipe"/>
                </recipe>
                <recipe count="1" name="bunkBedMessy">
                        <ingredient count="100" name="resourceCloth"/>
                        <ingredient count="40" name="resourceCropCottonPlant"/>
                        <ingredient count="20" name="resourceSpring"/>
                        <ingredient count="20" name="resourceWood"/>
                        <ingredient count="10" name="resourceMetalPipe"/>
                </recipe>
                <recipe count="1" name="bunkBedMattress">
                        <ingredient count="40" name="resourceCropCottonPlant"/>
                        <ingredient count="20" name="resourceSpring"/>
                        <ingredient count="20" name="resourceWood"/>
                        <ingredient count="10" name="resourceMetalPipe"/>
                </recipe>
                <recipe count="1" name="bunkBedFrame">
                        <ingredient count="20" name="resourceSpring"/>
                        <ingredient count="20" name="resourceWood"/>
                        <ingredient count="10" name="resourceMetalPipe"/>
                </recipe>
                <recipe count="1" name="gurneyBed">
                        <ingredient count="50" name="resourceCloth"/>
                        <ingredient count="20" name="resourceSpring"/>
                        <ingredient count="20" name="resourceWood"/>
                        <ingredient count="10" name="resourceMetalPipe"/>
                </recipe>
                <recipe count="1" name="hospitalBed">
                        <ingredient count="50" name="resourceCloth"/>
                        <ingredient count="20" name="resourceCropCottonPlant"/>
                        <ingredient count="20" name="resourceSpring"/>
                        <ingredient count="20" name="resourceWood"/>
                        <ingredient count="10" name="resourceMetalPipe"/>
                </recipe>
                <!-- Newspapers decor -->
                <recipe count="1" name="newspaperDecor01">
                        <ingredient count="5" name="resourcePaper"/>
                </recipe>
                <recipe count="1" name="newspaperDecor02">
                        <ingredient count="5" name="resourcePaper"/>
                </recipe>
                <recipe count="1" name="newspaperDecor03">
                        <ingredient count="5" name="resourcePaper"/>
                </recipe>
                <recipe count="1" name="newspaperDecor04">
                        <ingredient count="2" name="resourcePaper"/>
                </recipe>
                <!-- Bandit Supports -->
                <recipe count="1" name="banditSupport1m">
                        <ingredient count="5" name="resourceWood"/>
                </recipe>
                <recipe count="1" name="banditSupport2m">
                        <ingredient count="10" name="resourceWood"/>
                </recipe>
                <recipe count="1" name="banditSupport3m">
                        <ingredient count="15" name="resourceWood"/>
                </recipe>
                <recipe count="1" name="banditSupportBroken1m">
                        <ingredient count="3" name="resourceWood"/>
                </recipe>
                <recipe count="1" name="banditSupportBroken2m">
                        <ingredient count="6" name="resourceWood"/>
                </recipe>
                <recipe count="1" name="banditSupportBroken3m">
                        <ingredient count="9" name="resourceWood"/>
                </recipe>
                <recipe count="1" name="banditSupport3x1A">
                        <ingredient count="20" name="resourceWood"/>
                        <ingredient count="10" name="resourceNail"/>
                </recipe>
                <recipe count="1" name="banditSupport3x1B">
                        <ingredient count="20" name="resourceWood"/>
                        <ingredient count="10" name="resourceNail"/>
                </recipe>
                <recipe count="1" name="banditSupport2x2A">
                        <ingredient count="40" name="resourceWood"/>
                        <ingredient count="20" name="resourceNail"/>
                </recipe>
                <recipe count="1" name="banditSupport3x2A">
                        <ingredient count="50" name="resourceWood"/>
                        <ingredient count="20" name="resourceNail"/>
                </recipe>
                <recipe count="1" name="banditSupport3x3A">
                        <ingredient count="60" name="resourceWood"/>
                        <ingredient count="20" name="resourceNail"/>
                </recipe>
                <!-- Bandit Platforms -->
                <recipe count="1" name="banditPlatform2x2A">
                        <ingredient count="100" name="resourceWood"/>
                        <ingredient count="20" name="resourceNail"/>
                </recipe>
                <recipe count="1" name="banditPlatform3x2A">
                        <ingredient count="100" name="resourceWood"/>
                        <ingredient count="20" name="resourceNail"/>
                </recipe>
                <recipe count="1" name="banditPlatform3x3A">
                        <ingredient count="100" name="resourceWood"/>
                        <ingredient count="20" name="resourceNail"/>
                </recipe>
                <recipe count="1" name="banditPlatform3x3B">
                        <ingredient count="100" name="resourceWood"/>
                        <ingredient count="20" name="resourceNail"/>
                </recipe>
                <recipe count="1" name="banditPlatform3x3BrokenA">
                        <ingredient count="50" name="resourceWood"/>
                        <ingredient count="10" name="resourceNail"/>
                </recipe>
                <recipe count="1" name="banditPlatform3x3BrokenB">
                        <ingredient count="50" name="resourceWood"/>
                        <ingredient count="10" name="resourceNail"/>
                </recipe>
                <recipe count="1" name="banditPlatform3x3BrokenC">
                        <ingredient count="50" name="resourceWood"/>
                        <ingredient count="10" name="resourceNail"/>
                </recipe>
                <recipe count="1" name="banditPlatformSheet3x2A">
                        <ingredient count="100" name="resourceWood"/>
                        <ingredient count="20" name="resourceNail"/>
                        <ingredient count="20" name="resourceScrapIron"/>
                </recipe>
                <recipe count="1" name="banditPlatformSheet3x3A">
                        <ingredient count="100" name="resourceWood"/>
                        <ingredient count="20" name="resourceNail"/>
                        <ingredient count="20" name="resourceScrapIron"/>
                </recipe>
                <recipe count="1" name="banditPlatformSheet3x3B">
                        <ingredient count="100" name="resourceWood"/>
                        <ingredient count="20" name="resourceNail"/>
                        <ingredient count="20" name="resourceScrapIron"/>
                </recipe>
                <!-- Bandit Ramps -->
                <recipe count="1" name="banditRamp2x2A">
                        <ingredient count="100" name="resourceWood"/>
                        <ingredient count="20" name="resourceNail"/>
                </recipe>
                <recipe count="1" name="banditRamp3x2A">
                        <ingredient count="120" name="resourceWood"/>
                        <ingredient count="20" name="resourceNail"/>
                </recipe>
                <recipe count="1" name="banditRamp3x3A">
                        <ingredient count="140" name="resourceWood"/>
                        <ingredient count="20" name="resourceNail"/>
                </recipe>
                <recipe count="1" name="banditRampSheet2x2A">
                        <ingredient count="100" name="resourceWood"/>
                        <ingredient count="20" name="resourceNail"/>
                        <ingredient count="20" name="resourceScrapIron"/>
                </recipe>
                <recipe count="1" name="banditRampSheet3x2A">
                        <ingredient count="120" name="resourceWood"/>
                        <ingredient count="20" name="resourceNail"/>
                        <ingredient count="20" name="resourceScrapIron"/>
                </recipe>
                <recipe count="1" name="banditRampSheet3x3A">
                        <ingredient count="140" name="resourceWood"/>
                        <ingredient count="20" name="resourceNail"/>
                        <ingredient count="20" name="resourceScrapIron"/>
                </recipe>
                <!-- Misc -->
                <recipe count="1" name="coneConstruction">
                        <ingredient count="25" name="resourceScrapPolymers"/>
                </recipe>
                <recipe count="1" name="decoWildWestWagon">
                        <ingredient count="40" name="resourceCloth"/>
                        <ingredient count="40" name="resourceScrapIron"/>
                        <ingredient count="200" name="resourceWood"/>
                </recipe>
                <recipe count="1" name="piano">
                        <ingredient count="40" name="resourceScrapIron"/>
                        <ingredient count="75" name="resourceWood"/>
                </recipe>
                <recipe count="1" name="radioHam">
                        <ingredient count="40" name="resourceScrapPolymers"/>
                        <ingredient count="50" name="resourceElectricParts"/>
                        <ingredient count="20" name="resourceScrapIron"/>
                </recipe>
                <recipe count="1" name="cntTroughPigEmpty">
                        <ingredient count="40" name="resourceScrapIron"/>
                </recipe>
                <!-- Wine bottles -->
                <recipe count="1" name="decoWineBottle">
                        <ingredient count="5" name="glassBlockVariantHelper"/>
                </recipe>
                <recipe count="1" name="decoWineBottleCorner">
                        <ingredient count="5" name="glassBlockVariantHelper"/>
                </recipe>
                <recipe count="1" name="decoWineBottleShelfRow">
                        <ingredient count="5" name="glassBlockVariantHelper"/>
                </recipe>
                <recipe count="1" name="decoWineBottlePile01">
                        <ingredient count="5" name="glassBlockVariantHelper"/>
                </recipe>
                <recipe count="1" name="decoWineBottlePile02">
                        <ingredient count="5" name="glassBlockVariantHelper"/>
                </recipe>
                <!-- "Hoist" equipment -->
                <recipe count="1" name="decoHoistChain">
                        <ingredient count="50" name="resourceScrapIron"/>
                </recipe>
                <recipe count="1" name="decoHoistChainSingleCenter">
                        <ingredient count="50" name="resourceScrapIron"/>
                </recipe>
                <recipe count="1" name="decoHoistChainSingleCorner">
                        <ingredient count="50" name="resourceScrapIron"/>
                </recipe>
                <recipe count="1" name="decoHoistSpreader">
                        <ingredient count="100" name="resourceScrapIron"/>
                </recipe>
                <recipe count="1" name="decoHoistHook">
                        <ingredient count="75" name="resourceScrapIron"/>
                        <ingredient count="10" name="resourceMechanicalParts"/>
                </recipe>
                <recipe count="1" name="decoHoistMagnet">
                        <ingredient count="75" name="resourceScrapIron"/>
                        <ingredient count="10" name="resourceElectricParts"/>
                </recipe>
                <recipe count="1" name="decoHoistTopMount">
                        <ingredient count="75" name="resourceScrapIron"/>
                        <ingredient count="10" name="resourceMechanicalParts"/>
                </recipe>
                <!-- Tubs -->
                <recipe count="1" name="cntBathTubEmpty">
                        <ingredient count="75" name="resourceScrapIron"/>
                        <ingredient count="10" name="resourceRockSmall"/>
                        <ingredient count="10" name="resourceMechanicalParts"/>
                </recipe>
                <recipe count="1" name="decoClawFootBathTub">
                        <ingredient count="75" name="resourceScrapIron"/>
                        <ingredient count="10" name="resourceRockSmall"/>
                        <ingredient count="10" name="resourceMechanicalParts"/>
                </recipe>
                <!-- Trash cans (Brute Style) -->
                <recipe count="1" name="cntBruteStyleTrashCanEmpty">
                        <ingredient count="20" name="resourceScrapPolymers"/>
                </recipe>
                <recipe count="1" name="cntBruteStyleTrashCanFull">
                        <ingredient count="20" name="resourceScrapPolymers"/>
                </recipe>
                <!-- Church Bells -->
                <recipe count="1" name="churchBell">
                        <ingredient count="100" name="resourceScrapBrass"/>
                        <ingredient count="10" name="resourceMechanicalParts"/>
                </recipe>
                <recipe count="1" name="churchBellHanging">
                        <ingredient count="100" name="resourceScrapBrass"/>
                        <ingredient count="10" name="resourceMechanicalParts"/>
                </recipe>
                <recipe count="1" name="churchBell1x2x1">
                        <ingredient count="100" name="resourceScrapBrass"/>
                        <ingredient count="10" name="resourceMechanicalParts"/>
                </recipe>
                <recipe count="1" name="churchBellHanging1x2x1">
                        <ingredient count="100" name="resourceScrapBrass"/>
                        <ingredient count="10" name="resourceMechanicalParts"/>
                </recipe>
                <!-- Flag poles -->
                <recipe count="1" name="flagPoleWhiteRiver">
                        <ingredient count="40" name="resourceCloth"/>
                        <ingredient count="800" name="resourceScrapIron"/>
                        <ingredient count="20" name="resourceRockSmall"/>
                </recipe>
                <recipe count="1" name="flagPoleTrader">
                        <ingredient count="40" name="resourceCloth"/>
                        <ingredient count="800" name="resourceScrapIron"/>
                        <ingredient count="20" name="resourceRockSmall"/>
                </recipe>
                <recipe count="1" name="flagPoleAmerican">
                        <ingredient count="40" name="resourceCloth"/>
                        <ingredient count="800" name="resourceScrapIron"/>
                        <ingredient count="20" name="resourceRockSmall"/>
                </recipe>
                <!-- Modular ropes -->
                <recipe count="1" name="modularRopeTiled">
                        <ingredient count="20" name="resourceYuccaFibers"/>
                </recipe>
                <recipe count="1" name="modularRopeTopTied">
                        <ingredient count="20" name="resourceYuccaFibers"/>
                </recipe>
                <recipe count="1" name="modularRopeNoose">
                        <ingredient count="20" name="resourceYuccaFibers"/>
                </recipe>
                <recipe count="1" name="modularRopeTiledSideCentered">
                        <ingredient count="20" name="resourceYuccaFibers"/>
                </recipe>
                <recipe count="1" name="modularRopeTopTiedSideCentered">
                        <ingredient count="20" name="resourceYuccaFibers"/>
                </recipe>
                <!-- Hedges -->
                <recipe count="1" name="plantHedge">
                        <ingredient count="10" name="resourceWood"/>
                </recipe>
                <recipe count="1" name="plantHedgeSnow">
                        <ingredient count="10" name="resourceWood"/>
                </recipe>
                <recipe count="1" name="plantHedgeDead">
                        <ingredient count="10" name="resourceWood"/>
                </recipe>
        </append>
</configs>