<configs>
        <append xpath="/recipes">
                <!-- Ember piles -->
                <recipe count="1" craft_time="3" name="emberPileDeco1">
                        <ingredient count="10" name="resourceWood"/>
                        <ingredient count="20" name="resourceCoal"/>
                </recipe>
                <recipe count="1" craft_time="3" name="emberPileDeco2">
                        <ingredient count="10" name="resourceWood"/>
                        <ingredient count="20" name="resourceCoal"/>
                </recipe>
                <recipe count="1" craft_time="3" name="emberPileDeco3">
                        <ingredient count="10" name="resourceWood"/>
                        <ingredient count="20" name="resourceCoal"/>
                </recipe>
                <recipe count="1" craft_time="3" name="emberPileDeco4">
                        <ingredient count="10" name="resourceWood"/>
                        <ingredient count="20" name="resourceCoal"/>
                </recipe>
                <recipe count="1" craft_time="3" name="emberPileDeco5">
                        <ingredient count="10" name="resourceWood"/>
                        <ingredient count="20" name="resourceCoal"/>
                </recipe>
                <recipe count="1" craft_time="3" name="emberPileDeco6">
                        <ingredient count="10" name="resourceWood"/>
                        <ingredient count="20" name="resourceCoal"/>
                </recipe>
                <recipe count="1" craft_time="3" name="emberPileDeco7">
                        <ingredient count="10" name="resourceWood"/>
                        <ingredient count="20" name="resourceCoal"/>
                </recipe>
                <recipe count="1" craft_time="3" name="emberPileDeco8">
                        <ingredient count="10" name="resourceWood"/>
                        <ingredient count="20" name="resourceCoal"/>
                </recipe>
                <!-- Table umbrellas -->
                <recipe count="1" craft_time="3" name="umbrellaTableDownWhite">
                        <ingredient count="20" name="resourceScrapPolymers"/>
                        <ingredient count="50" name="resourceCloth"/>
                        <ingredient count="10" name="resourceWood"/>
                </recipe>
                <recipe count="1" craft_time="3" name="umbrellaTableDownBrown">
                        <ingredient count="20" name="resourceScrapPolymers"/>
                        <ingredient count="50" name="resourceCloth"/>
                        <ingredient count="10" name="resourceWood"/>
                        <ingredient count="5" name="resourcePaint"/>
                </recipe>
                <recipe count="1" craft_time="3" name="umbrellaTableDownRed">
                        <ingredient count="20" name="resourceScrapPolymers"/>
                        <ingredient count="50" name="resourceCloth"/>
                        <ingredient count="10" name="resourceWood"/>
                        <ingredient count="5" name="resourcePaint"/>
                </recipe>
                <recipe count="1" craft_time="3" name="umbrellaTableDownOrange">
                        <ingredient count="20" name="resourceScrapPolymers"/>
                        <ingredient count="50" name="resourceCloth"/>
                        <ingredient count="10" name="resourceWood"/>
                        <ingredient count="5" name="resourcePaint"/>
                </recipe>
                <recipe count="1" craft_time="3" name="umbrellaTableDownYellow">
                        <ingredient count="20" name="resourceScrapPolymers"/>
                        <ingredient count="50" name="resourceCloth"/>
                        <ingredient count="10" name="resourceWood"/>
                        <ingredient count="5" name="resourcePaint"/>
                </recipe>
                <recipe count="1" craft_time="3" name="umbrellaTableDownGreen">
                        <ingredient count="20" name="resourceScrapPolymers"/>
                        <ingredient count="50" name="resourceCloth"/>
                        <ingredient count="10" name="resourceWood"/>
                        <ingredient count="5" name="resourcePaint"/>
                </recipe>
                <recipe count="1" craft_time="3" name="umbrellaTableDownBlue">
                        <ingredient count="20" name="resourceScrapPolymers"/>
                        <ingredient count="50" name="resourceCloth"/>
                        <ingredient count="10" name="resourceWood"/>
                        <ingredient count="5" name="resourcePaint"/>
                </recipe>
                <recipe count="1" craft_time="3" name="umbrellaTableDownPurple">
                        <ingredient count="20" name="resourceScrapPolymers"/>
                        <ingredient count="50" name="resourceCloth"/>
                        <ingredient count="10" name="resourceWood"/>
                        <ingredient count="5" name="resourcePaint"/>
                </recipe>
                <recipe count="1" craft_time="3" name="umbrellaTableDownGrey">
                        <ingredient count="20" name="resourceScrapPolymers"/>
                        <ingredient count="50" name="resourceCloth"/>
                        <ingredient count="10" name="resourceWood"/>
                        <ingredient count="5" name="resourcePaint"/>
                </recipe>
                <recipe count="1" craft_time="3" name="umbrellaTableDownBlack">
                        <ingredient count="20" name="resourceScrapPolymers"/>
                        <ingredient count="50" name="resourceCloth"/>
                        <ingredient count="10" name="resourceWood"/>
                        <ingredient count="5" name="resourcePaint"/>
                </recipe>
                <recipe count="1" craft_time="3" name="umbrellaTableDownPink">
                        <ingredient count="20" name="resourceScrapPolymers"/>
                        <ingredient count="50" name="resourceCloth"/>
                        <ingredient count="10" name="resourceWood"/>
                        <ingredient count="5" name="resourcePaint"/>
                </recipe>
                <recipe count="1" craft_time="3" name="umbrellaTableUpWhite">
                        <ingredient count="20" name="resourceScrapPolymers"/>
                        <ingredient count="50" name="resourceCloth"/>
                        <ingredient count="10" name="resourceWood"/>
                </recipe>
                <recipe count="1" craft_time="3" name="umbrellaTableUpBrown">
                        <ingredient count="20" name="resourceScrapPolymers"/>
                        <ingredient count="50" name="resourceCloth"/>
                        <ingredient count="10" name="resourceWood"/>
                        <ingredient count="5" name="resourcePaint"/>
                </recipe>
                <recipe count="1" craft_time="3" name="umbrellaTableUpRed">
                        <ingredient count="20" name="resourceScrapPolymers"/>
                        <ingredient count="50" name="resourceCloth"/>
                        <ingredient count="10" name="resourceWood"/>
                        <ingredient count="5" name="resourcePaint"/>
                </recipe>
                <recipe count="1" craft_time="3" name="umbrellaTableUpOrange">
                        <ingredient count="20" name="resourceScrapPolymers"/>
                        <ingredient count="50" name="resourceCloth"/>
                        <ingredient count="10" name="resourceWood"/>
                        <ingredient count="5" name="resourcePaint"/>
                </recipe>
                <recipe count="1" craft_time="3" name="umbrellaTableUpYellow">
                        <ingredient count="20" name="resourceScrapPolymers"/>
                        <ingredient count="50" name="resourceCloth"/>
                        <ingredient count="10" name="resourceWood"/>
                        <ingredient count="5" name="resourcePaint"/>
                </recipe>
                <recipe count="1" craft_time="3" name="umbrellaTableUpGreen">
                        <ingredient count="20" name="resourceScrapPolymers"/>
                        <ingredient count="50" name="resourceCloth"/>
                        <ingredient count="10" name="resourceWood"/>
                        <ingredient count="5" name="resourcePaint"/>
                </recipe>
                <recipe count="1" craft_time="3" name="umbrellaTableUpBlue">
                        <ingredient count="20" name="resourceScrapPolymers"/>
                        <ingredient count="50" name="resourceCloth"/>
                        <ingredient count="10" name="resourceWood"/>
                        <ingredient count="5" name="resourcePaint"/>
                </recipe>
                <recipe count="1" craft_time="3" name="umbrellaTableUpPurple">
                        <ingredient count="20" name="resourceScrapPolymers"/>
                        <ingredient count="50" name="resourceCloth"/>
                        <ingredient count="10" name="resourceWood"/>
                        <ingredient count="5" name="resourcePaint"/>
                </recipe>
                <recipe count="1" craft_time="3" name="umbrellaTableUpGrey">
                        <ingredient count="20" name="resourceScrapPolymers"/>
                        <ingredient count="50" name="resourceCloth"/>
                        <ingredient count="10" name="resourceWood"/>
                        <ingredient count="5" name="resourcePaint"/>
                </recipe>
                <recipe count="1" craft_time="3" name="umbrellaTableUpBlack">
                        <ingredient count="20" name="resourceScrapPolymers"/>
                        <ingredient count="50" name="resourceCloth"/>
                        <ingredient count="10" name="resourceWood"/>
                        <ingredient count="5" name="resourcePaint"/>
                </recipe>
                <recipe count="1" craft_time="3" name="umbrellaTableUpPink">
                        <ingredient count="20" name="resourceScrapPolymers"/>
                        <ingredient count="50" name="resourceCloth"/>
                        <ingredient count="10" name="resourceWood"/>
                        <ingredient count="5" name="resourcePaint"/>
                </recipe>
                <!-- Camping chairs -->
                <recipe count="1" craft_time="3" name="chairCampingWhite">
                        <ingredient count="60" name="resourceScrapIron"/>
                        <ingredient count="20" name="resourceCloth"/>
                </recipe>
                <recipe count="1" craft_time="3" name="chairCampingBrown">
                        <ingredient count="60" name="resourceScrapIron"/>
                        <ingredient count="20" name="resourceCloth"/>
                        <ingredient count="5" name="resourcePaint"/>
                </recipe>
                <recipe count="1" craft_time="3" name="chairCampingRed">
                        <ingredient count="60" name="resourceScrapIron"/>
                        <ingredient count="20" name="resourceCloth"/>
                        <ingredient count="5" name="resourcePaint"/>
                </recipe>
                <recipe count="1" craft_time="3" name="chairCampingOrange">
                        <ingredient count="60" name="resourceScrapIron"/>
                        <ingredient count="20" name="resourceCloth"/>
                        <ingredient count="5" name="resourcePaint"/>
                </recipe>
                <recipe count="1" craft_time="3" name="chairCampingYellow">
                        <ingredient count="60" name="resourceScrapIron"/>
                        <ingredient count="20" name="resourceCloth"/>
                        <ingredient count="5" name="resourcePaint"/>
                </recipe>
                <recipe count="1" craft_time="3" name="chairCampingGreen">
                        <ingredient count="60" name="resourceScrapIron"/>
                        <ingredient count="20" name="resourceCloth"/>
                        <ingredient count="5" name="resourcePaint"/>
                </recipe>
                <recipe count="1" craft_time="3" name="chairCampingBlue">
                        <ingredient count="60" name="resourceScrapIron"/>
                        <ingredient count="20" name="resourceCloth"/>
                        <ingredient count="5" name="resourcePaint"/>
                </recipe>
                <recipe count="1" craft_time="3" name="chairCampingPurple">
                        <ingredient count="60" name="resourceScrapIron"/>
                        <ingredient count="20" name="resourceCloth"/>
                        <ingredient count="5" name="resourcePaint"/>
                </recipe>
                <recipe count="1" craft_time="3" name="chairCampingGrey">
                        <ingredient count="60" name="resourceScrapIron"/>
                        <ingredient count="20" name="resourceCloth"/>
                        <ingredient count="5" name="resourcePaint"/>
                </recipe>
                <recipe count="1" craft_time="3" name="chairCampingPink">
                        <ingredient count="60" name="resourceScrapIron"/>
                        <ingredient count="20" name="resourceCloth"/>
                        <ingredient count="5" name="resourcePaint"/>
                </recipe>
                <!-- Park benches -->
                <recipe count="1" craft_time="3" name="parkBenchA">
                        <ingredient count="60" name="resourceWood"/>
                        <ingredient count="10" name="resourceNail"/>
                </recipe>
                <recipe count="1" craft_time="3" name="parkBenchB">
                        <ingredient count="60" name="resourceWood"/>
                        <ingredient count="10" name="resourceNail"/>
                </recipe>
                <!-- Playground Equipment -->
                <recipe count="1" craft_time="20" name="decoMetalSlide">
                        <ingredient count="150" name="resourceScrapIron"/>
                        <ingredient count="10" name="resourceMechanicalParts"/>
                </recipe>
                <recipe count="1" craft_time="20" name="decoSwingSet">
                        <ingredient count="150" name="resourceScrapIron"/>
                        <ingredient count="10" name="resourceMechanicalParts"/>
                </recipe>
                <recipe count="1" craft_time="20" name="decoBasketBallHoop">
                        <ingredient count="30" name="resourceScrapIron"/>
                        <ingredient count="40" name="resourceWood"/>
                        <ingredient count="5" name="resourceScrapPolymers"/>
                </recipe>
                <!-- Hanging plants -->
                <recipe count="1" craft_time="3" name="hangingMoss">
                        <ingredient count="30" name="resourceYuccaFibers"/>
                </recipe>
                <recipe count="1" craft_time="3" name="cobweb">
                        <ingredient count="30" name="resourceYuccaFibers"/>
                </recipe>
                <recipe count="1" craft_time="3" name="plantHangingIvy01">
                        <ingredient count="30" name="resourceYuccaFibers"/>
                </recipe>
                <recipe count="1" craft_time="3" name="plantHangingIvy02">
                        <ingredient count="30" name="resourceYuccaFibers"/>
                </recipe>
                <!-- Satellite dishes -->
                <recipe count="1" craft_time="20" name="satelliteUnitLarge">
                        <ingredient count="30" name="resourceScrapIron"/>
                        <ingredient count="20" name="resourceElectricParts"/>
                        <ingredient count="5" name="resourceScrapPolymers"/>
                </recipe>
                <recipe count="1" craft_time="20" name="satelliteUnitSmallWall">
                        <ingredient count="30" name="resourceScrapIron"/>
                        <ingredient count="20" name="resourceElectricParts"/>
                        <ingredient count="5" name="resourceScrapPolymers"/>
                </recipe>
                <recipe count="1" craft_time="20" name="satelliteUnitSmallFloor">
                        <ingredient count="30" name="resourceScrapIron"/>
                        <ingredient count="20" name="resourceElectricParts"/>
                        <ingredient count="5" name="resourceScrapPolymers"/>
                </recipe>
                <!-- Gravestones -->
                <recipe count="1" craft_time="20" name="graveStone01">
                        <ingredient count="100" name="resourceRockSmall"/>
                </recipe>
                <recipe count="1" craft_time="20" name="graveStone02">
                        <ingredient count="100" name="resourceRockSmall"/>
                </recipe>
                <recipe count="1" craft_time="20" name="graveStone03">
                        <ingredient count="100" name="resourceRockSmall"/>
                </recipe>
                <recipe count="1" craft_time="20" name="graveStone04">
                        <ingredient count="100" name="resourceRockSmall"/>
                </recipe>
                <recipe count="1" craft_time="20" name="graveStone05">
                        <ingredient count="100" name="resourceRockSmall"/>
                </recipe>
                <recipe count="1" craft_time="20" name="graveStone06">
                        <ingredient count="100" name="resourceRockSmall"/>
                </recipe>
                <recipe count="1" craft_time="20" name="graveStone07">
                        <ingredient count="100" name="resourceRockSmall"/>
                </recipe>
                <recipe count="1" craft_time="20" name="graveStone08">
                        <ingredient count="100" name="resourceRockSmall"/>
                </recipe>
        </append>
</configs>